id,vector_1,vector_2,vector_3,vector_4,vector_5,label
1,-0.4561258,-0.58187973,-0.61444217,0.4679871,0.8527758,sport
2,-1.0173497,-0.350829,-1.5489198,0.43244162,0.56912005,sport
3,-0.72952443,-0.8681211,-0.5830454,0.52076715,0.8141541,sport
4,-0.5341336,-0.4376855,-0.723167,0.41102758,0.7824002,sport
5,-0.76205873,-1.0250541,-0.5367934,0.59708184,0.78438425,sport
6,-0.6226635,-0.77408665,-0.6961446,0.5415822,0.8007915,sport
7,-0.5837123,-0.4751863,-0.59675425,0.43135247,0.85149133,sport
8,-0.6578393,-0.70445013,-0.6477813,0.4908476,0.7857272,sport
9,-1.1717174,-0.17969573,-1.1021098,0.53209597,0.7169492,sport
10,-0.68014526,-1.1014559,-0.6614479,0.5131935,0.8044583,sport
11,-1.5898623,-0.030428406,-1.4881284,0.53370404,0.6317521,sport
12,-0.45800415,-0.7018858,-0.60154533,0.42020845,0.8600792,sport
13,-1.1299692,-0.16743998,-1.0057764,0.6406418,0.7029275,sport
14,-0.6500838,-1.0261382,-0.58044016,0.73262334,0.8799638,sport
15,-0.7705553,-0.81756747,-0.46830407,0.5347233,0.9070529,sport
16,-0.44293875,-0.6846374,-0.6300253,0.6473129,1.0102991,sport
17,-0.7380738,-1.0293669,-0.58699554,0.6774055,0.8286188,sport
18,-0.5238419,-0.42749867,-0.7433062,0.48942897,0.89559424,sport
19,-0.41886547,-0.5177165,-0.7480493,0.38321355,1.0596645,sport
20,-1.1071187,-0.266247,-1.618014,0.5115207,0.48282838,sport
21,-0.96594155,-0.6426637,-0.7326182,0.5126347,0.7490844,sport
22,-0.7524631,-1.0879081,-0.62328166,0.52274835,0.7862275,sport
23,-0.6842087,-0.86358106,-0.8429973,0.4403892,0.8447868,sport
24,-0.5973842,-0.81831676,-0.6711945,0.51293635,0.8365023,sport
25,-1.1174493,-0.16293052,-1.3805206,0.39868453,0.67746377,sport
26,-0.43847695,-0.8362848,-0.64896876,0.5270915,1.120732,sport
27,-0.45612505,-0.44419268,-0.7498145,0.44454435,0.89432293,sport
28,-0.6377483,-0.867226,-0.5604427,0.538509,0.88812417,sport
29,-1.2137804,-0.17029689,-1.6274277,0.45696685,0.4948399,sport
30,-0.96269053,-0.25596935,-1.4524826,0.50813055,0.65788376,sport
31,-1.1590298,-0.25781265,-1.5613831,0.5168966,0.5862319,sport
32,-1.0526122,-0.24560632,-1.5974593,0.5150434,0.57102925,sport
33,-0.9710143,-0.30754566,-0.83549434,0.5577853,0.70017403,sport
34,-0.85616344,-0.24331273,-1.4573942,0.48060337,0.6706787,sport
35,-0.74876714,-0.58010244,-0.5115654,0.7559735,0.7476754,sport
36,-0.87673587,-0.4293596,-0.8667471,0.5008907,0.6828929,sport
37,-1.4475673,0.2323288,-0.73841107,0.76647633,0.7757245,sport
38,-0.7395466,-1.0786871,-0.54112893,0.40846413,0.8222012,sport
39,-1.3110201,-0.05993001,-1.5315115,0.56483227,0.5904319,sport
40,-1.3291019,-0.12525097,-1.6776091,0.536035,0.52639294,sport
41,-1.7754439,0.18191318,-1.3686239,0.86309946,0.5961021,sport
42,-1.8370402,0.26058543,-1.4318558,0.96558905,0.6426829,sport
43,-1.4475968,0.046928298,-1.9361035,0.75192815,0.4158449,sport
44,-1.4438664,0.04569629,-1.9295883,0.7253461,0.43046856,sport
45,-1.4076039,0.059183225,-1.915128,0.6689307,0.45593172,sport
46,-1.4119407,-0.07161784,-1.6162086,0.52713406,0.47101966,sport
47,-0.7527148,-0.901727,-0.5379519,0.5518268,0.97983354,sport
48,-1.2933204,0.06281547,-1.3795049,0.5418272,0.541728,sport
49,-0.97573173,-0.3983,-1.0623344,0.57639736,0.6062787,sport
50,-0.7455817,-0.33289212,-0.9326057,0.37351266,0.8101551,sport
51,-0.85130423,-0.42645022,-0.90060526,0.46989805,0.6493032,sport
52,-0.91573423,-0.3903254,-0.93579024,0.47246054,0.66963905,sport
53,-0.5919518,-0.8986623,-0.68196297,0.5505809,0.7949377,sport
54,-0.963748,-0.43424636,-0.8934244,0.5120571,0.6565617,sport
55,-0.5395185,-0.5074988,-0.71413904,0.42538133,0.9207843,sport
56,-0.66376305,-0.73755693,-0.7062329,0.4937088,0.93849427,sport
57,-0.85209394,-0.38588986,-1.0256518,0.40601978,0.7962324,sport
58,-2.0316434,0.42991406,-0.94137263,1.0747144,0.8633494,sport
59,-1.9713477,0.39497522,-1.1834108,1.0591638,0.8045412,sport
60,-1.2284721,0.06722295,-1.0474509,0.52638346,0.62297547,sport
61,-2.1113398,0.4659757,-0.9803916,1.1089996,0.9007821,sport
62,-1.6523257,0.16961198,-1.4407474,0.59763813,0.71483576,sport
63,-1.1730953,-0.11413218,-1.1909645,0.4797788,0.6886437,sport
64,-1.1014092,-0.24438189,-1.4552064,0.46319526,0.60120046,sport
65,-0.9994875,-0.29858106,-1.1589478,0.45961323,0.7532073,sport
66,-0.8299594,-0.72025937,-0.69939935,0.5274304,0.66341054,sport
67,-1.0185833,-0.17488068,-1.1869313,0.4580496,0.712215,sport
68,-0.6793933,-0.55153716,-0.7983044,0.46442008,0.7339755,sport
69,-0.41443837,-0.8208614,-0.64950985,0.46793213,1.0241457,sport
70,-0.64975023,-0.6545437,-0.6404395,0.5913349,0.77214086,sport
71,-0.89970106,-0.42201853,-0.86197233,0.48284197,0.6825717,sport
72,-2.1077464,0.46157187,-1.0055754,1.1042974,0.89070326,sport
73,-0.8249619,-0.5891264,-1.0178651,0.57000786,0.65086824,sport
74,-2.0933142,0.45872828,-0.92649776,1.0942365,0.92201596,sport
75,-0.61777264,-0.9493798,-0.6325834,0.5186205,0.8077199,sport
76,-0.83943164,-0.9653303,-0.522354,0.6474023,0.8857851,sport
77,-1.0922128,-0.2820621,-1.2343535,0.38844746,0.71208966,sport
78,-0.54346174,-0.39378813,-0.75810957,0.40877792,0.88048905,sport
79,-1.0727696,-0.2601563,-1.5331094,0.4995347,0.57158005,sport
80,-0.33164486,-0.6860062,-0.7958625,0.3956656,1.0110198,sport
81,-0.6015139,-0.8710601,-0.6490721,0.5856723,0.93589085,sport
82,-0.92158246,-0.33552235,-1.125048,0.4387346,0.6886907,sport
83,-0.8982963,-0.4953979,-0.80830944,0.55595803,0.6701102,sport
84,-0.54792035,-0.6491997,-0.65302396,0.4622801,0.8155852,sport
85,-0.70963347,-0.8568417,-0.6165355,0.5261566,0.7361355,sport
86,-0.7264186,-0.50640744,-0.8122178,0.53108156,0.766297,sport
87,-0.8223738,-1.034958,-0.4486692,0.6322155,0.7092468,sport
88,-0.73010445,-0.92534685,-0.58113134,0.5080359,0.68614733,sport
89,-0.7006074,-0.90871733,-0.6060722,0.56226367,0.8079299,sport
90,-0.7110526,-0.7652877,-0.6275267,0.5277106,0.89466983,sport
91,-0.6498629,-0.7439077,-0.6164649,0.51519537,0.8145195,sport
92,-0.6821931,-0.70625293,-0.50831604,0.5558773,0.92982006,sport
93,-0.7515453,-0.9569812,-0.6924283,0.5386295,0.79402465,sport
94,-0.8808084,-0.39199308,-0.8907056,0.50375843,0.65589184,sport
95,-0.61671567,-0.76085085,-0.6423364,0.6651869,0.8297132,sport
96,-0.60466635,-0.7288558,-0.6513209,0.5485132,0.8565181,sport
97,-0.6831563,-0.5749701,-1.0354861,0.32314104,0.82731307,sport
98,-0.5710042,-0.855341,-0.57272226,0.6119802,0.9635451,sport
99,-0.61212087,-0.9842011,-0.5967761,0.48575902,0.87798214,sport
100,-0.7152497,-0.40099177,-0.9072215,0.3412561,0.9134795,sport
101,-0.4453782,-0.4588192,-0.6911919,0.45637542,1.0408262,finance
102,-0.25082326,-0.015222639,-0.69645935,0.8312731,1.4919039,finance
103,-0.3841351,-0.36388174,-0.5731926,0.54000044,1.1432903,finance
104,-0.05090306,-0.8852588,-0.7622453,0.26598817,1.451439,finance
105,-0.03532813,-0.3690681,-0.6907661,1.0885605,1.318993,finance
106,-0.545605,-0.37740436,-0.74149454,0.46987003,0.89212775,finance
107,-0.2518437,-0.5670464,-0.6455853,0.34383434,1.2363259,finance
108,-0.34524304,-0.23654617,-0.58738035,0.6560938,1.211332,finance
109,-0.42865336,-0.47388625,-0.5266259,0.3799007,1.3530655,finance
110,-0.47039044,-0.40448436,-0.46603298,0.37243292,1.2932281,finance
111,-0.27813736,-0.057470586,-0.68950516,0.8098796,1.3959608,finance
112,-0.49242556,-0.3308026,-0.5837362,0.48097566,1.0553865,finance
113,-0.541981,-0.275909,-0.6021832,0.5003932,0.9660946,finance
114,-0.32969126,-0.5064941,-0.602145,0.465227,1.2339028,finance
115,-0.27835077,0.022292962,-0.66830677,0.86595386,1.4526718,finance
116,-0.2647322,-0.12289978,-0.5732841,0.82906765,1.4545026,finance
117,-1.1281905,-0.094525695,-0.52322966,0.6942329,1.0141466,finance
118,-0.7754208,-0.36512297,-0.48371652,0.60772485,1.1358961,finance
119,-0.20050898,-0.7075375,-0.71242785,0.3201781,1.2117327,finance
120,-0.12115979,-0.41888052,-0.5947537,0.9179073,1.2176517,finance
121,-0.31680313,-0.2653294,-0.58935744,0.7172666,1.3897467,finance
122,-0.49424723,-0.4186574,-0.62033087,0.43950105,1.0494132,finance
123,-0.4045289,-0.48185802,-0.6179018,0.4427245,1.2710649,finance
124,-0.39902228,-0.385242,-0.58533067,0.8601045,1.2415748,finance
125,-0.3223237,-0.4502062,-0.6788657,0.34099796,1.2629293,finance
126,-0.6333624,-0.3448415,-0.5557982,0.61712015,1.0522993,finance
127,-0.14535892,-0.37089747,-0.59275544,1.0620903,1.2699349,finance
128,-0.35250485,-0.028372316,-0.61559445,0.7905361,1.3618904,finance
129,-0.26947165,-0.48654202,-0.6903839,0.37230396,1.251225,finance
130,-0.089925565,-0.39363727,-0.6066385,1.0899377,1.301299,finance
131,-0.21653827,-0.33040258,-0.64932686,0.9019734,1.1632454,finance
132,-0.8707846,-0.2415655,-0.588392,0.60348797,1.0678508,finance
133,-0.49267563,-0.48080173,-0.517601,0.4839475,1.2031988,finance
134,-0.39442697,0.0747213,-0.5937549,0.9206828,1.4842767,finance
135,-0.03841287,-0.38534555,-0.6564966,1.1455839,1.2479309,finance
136,-0.3479011,-0.41978696,-0.6774177,0.41456226,1.1631322,finance
137,-0.16427365,-0.34955025,-0.5900988,1.1029794,1.2649229,finance
138,-0.008162586,-0.29691583,-0.666298,1.1339483,1.2887814,finance
139,-0.18347217,-0.15973364,-0.6733441,1.205306,1.2559724,finance
140,-0.29652572,-0.4494633,-0.6240878,0.47171587,1.0718296,finance
141,-0.20587051,-0.15159194,-0.6729299,1.1770774,1.2495009,finance
142,-0.35720104,0.08605557,-0.5745998,0.9854062,1.5420928,finance
143,-0.42013055,-0.44047078,-0.6276127,0.41738614,1.0761813,finance
144,-0.3366298,-0.4020036,-0.69262636,0.4741243,1.1588851,finance
145,-0.61800784,-0.3873151,-0.6135329,0.50655,1.0614747,finance
146,-0.4574227,0.007910056,-0.52947044,0.7701571,1.4174207,finance
147,-0.27735463,-0.5132693,-0.6946075,0.42875633,1.2946519,finance
148,-0.27106893,-0.5543582,-0.64563125,0.35761288,1.1335479,finance
149,-0.51914513,-0.42475387,-0.4539047,0.39463928,0.8658549,finance
150,-0.5994531,-0.5316946,-0.691968,0.45103106,0.9813639,finance
151,-0.95234245,0.023658322,-0.46938303,0.6898012,1.2110502,finance
152,-1.6020147,-0.31083915,-0.0877899,0.8823246,1.1201146,finance
153,-1.2045958,-0.10615217,-0.49342132,0.7100636,1.0651487,finance
154,-0.42492855,-0.49766994,-0.6364264,0.3771108,1.1217225,finance
155,-0.81630653,-0.31979603,-0.5198604,0.54575396,1.0637178,finance
156,-0.22760075,-0.56716794,-0.79953337,0.40760046,1.1953855,finance
157,-0.33932924,-0.15165219,-0.5887623,0.70265764,1.2717214,finance
158,-0.5978374,-0.3358211,-0.5821557,0.48570377,0.9480233,finance
159,-0.14833105,-0.39378762,-0.77077085,0.52819866,1.451907,finance
160,-0.40063143,-0.16143635,-0.64331144,0.70906085,1.1796223,finance
161,-0.8588987,-0.28277797,-0.34293097,0.5038465,1.276709,finance
162,-0.23565997,-0.0058560637,-0.6326876,0.8793871,1.5234479,finance
163,-0.8452412,-0.45264643,-0.39426598,0.65407836,1.1180184,finance
164,-0.18587686,-0.66188437,-0.7875381,0.27928063,1.3530451,finance
165,-0.5607846,-0.41787058,-0.5704472,0.4738628,1.1744537,finance
166,-0.331723,-0.48155862,-0.6463351,0.42617413,1.133925,finance
167,-0.67940646,-0.5915408,-0.5399298,0.48529738,1.0001458,finance
168,-0.1955163,-0.39452946,-0.71827143,0.586508,1.3902321,finance
169,-0.38847852,-0.37843594,-0.708576,0.5704098,1.2050543,finance
170,-0.32663277,-0.047188032,-0.6009718,0.7939381,1.4197509,finance
171,-0.13449904,-0.7751808,-0.7635319,0.2878406,1.3670679,finance
172,-0.5498521,-0.53641367,-0.58604616,0.55405945,1.1227311,finance
173,-0.5695575,-0.5497803,-0.60188514,0.4205077,1.1884817,finance
174,-0.3306684,-0.40958136,-0.7417821,0.5142897,1.1831262,finance
175,-0.65098584,-0.35365567,-0.51815426,0.5962516,1.0792446,finance
176,-0.30917683,-0.5278431,-0.695985,0.38581857,1.2765179,finance
177,-0.3772712,-0.29770228,-0.6283742,0.56823045,1.1954464,finance
178,-0.4068102,-0.5131009,-0.59733427,0.51386625,1.1058897,finance
179,-0.4141094,-0.52324337,-0.6424164,0.37866747,1.1425598,finance
180,-0.38371888,-0.36731434,-0.68497103,0.5315771,1.3324544,finance
181,-0.4529037,-0.42953962,-0.6334324,0.44441107,0.97564137,finance
182,-0.76692986,-0.44033438,-0.41724852,0.6339941,1.1159862,finance
183,-0.43798473,-0.37802827,-0.65131664,0.4958318,1.1288521,finance
184,-0.619975,-0.57825047,-0.52342725,0.5343968,1.0400542,finance
185,-0.37134305,-0.3385513,-0.617339,0.5417738,1.2507262,finance
186,-0.6138395,-0.39622596,-0.63071716,0.5229918,1.1767588,finance
187,-0.4641876,-0.40949124,-0.6030898,0.56357783,1.1671815,finance
188,-0.33236253,0.1233394,-0.6241779,0.9744697,1.5348268,finance
189,-0.32204238,-0.5007535,-0.75684863,0.42724547,1.1480521,finance
190,-0.40872747,0.057831574,-0.64651567,0.9123435,1.3957275,finance
191,-0.32118565,0.01972324,-0.5850448,0.83062387,1.4550577,finance
192,-0.30168638,-0.42279497,-0.6804026,0.39186874,1.1918894,finance
193,-0.271908,-0.3805616,-0.7851098,0.57517385,1.2554187,finance
194,-0.21365878,-0.2917601,-0.66765696,0.59728944,1.3779628,finance
195,-0.34641296,-0.5247447,-0.65762806,0.40620923,1.0786765,finance
196,-0.5323382,-0.39033452,-0.38419676,0.41844308,1.2531348,finance
197,-0.30550057,-0.2192759,-0.7557817,0.62484634,1.3409953,finance
198,-0.35462558,-0.044220753,-0.65259385,0.77669513,1.2478426,finance
199,-0.8572809,-0.27797878,-0.3844562,0.5361256,1.239579,finance
200,-0.10084953,-0.45668918,-0.75474066,0.46942183,1.5226333,finance
