id,V1,V2,V3,V4,V5,label
1,0.59972113,0.102522776,-0.17135587,-0.17303316,1.2250698,sport
2,0.2511075,-0.9211492,-0.51585144,-0.1865623,1.7354103,sport
3,0.58680177,0.06421041,0.1852181,-0.31542805,1.6145127,sport
4,0.45199662,-0.015034208,-0.31326872,-0.22914387,1.1846434,sport
5,0.6907747,0.05549128,0.38587624,-0.4047173,1.7569994,sport
6,0.6204709,-0.06432801,0.050137103,-0.27779496,1.5325953,sport
7,0.3799445,0.08327278,-0.34531224,-0.25479978,1.2395474,sport
8,0.57224894,-0.036648948,0.034047157,-0.32065547,1.4811705,sport
9,0.18182394,-0.5653155,-0.5622059,-0.2992838,1.5504521,sport
10,0.723168,0.045975793,0.3138808,-0.43727785,1.7151512,sport
11,-0.14574736,-0.8198926,-0.46943074,-0.20346296,1.9859285,sport
12,0.6511534,0.092177615,-0.16815263,-0.20178582,1.2772592,sport
13,0.15932849,-0.52555525,-0.5710782,-0.27045733,1.4957907,sport
14,0.74927276,0.4135653,0.013599232,-0.47465286,1.6265153,sport
15,0.44213858,0.15641908,0.21320994,-0.2737247,1.73319,sport
16,0.7109913,0.3894801,-0.2748679,-0.26457292,1.4058242,sport
17,0.64079845,0.29307225,0.025593646,-0.5440871,1.6379805,sport
18,0.4987748,0.061930522,-0.3305194,-0.1167464,1.3086063,sport
19,0.6922947,-0.04956334,-0.4439838,-0.15975167,1.2694733,sport
20,0.18584146,-1.0409005,-0.5802109,-0.24257195,1.7706848,sport
21,0.45115262,-0.20026352,-0.07342951,-0.38538495,1.4307073,sport
22,0.7136112,-0.027666882,0.3363232,-0.33323377,1.7388111,sport
23,0.70118237,-0.17988566,0.027229926,-0.23556465,1.6077083,sport
24,0.6282588,0.031847123,0.012229605,-0.20718902,1.4949996,sport
25,0.17132908,-0.7547397,-0.5910614,-0.20971255,1.6557132,sport
26,0.9179722,0.24510814,-0.17564082,-0.17945257,1.44911,sport
27,0.54186577,0.046980307,-0.3950049,-0.17997228,1.1994495,sport
28,0.61231124,0.15289387,0.023301844,-0.39754528,1.518725,sport
29,0.015815299,-1.0317814,-0.4904452,-0.23634478,1.8488313,sport
30,0.2326406,-0.8532764,-0.6181517,-0.1740127,1.729983,sport
31,0.102793664,-1.0034184,-0.5853499,-0.21835811,1.8564568,sport
32,0.20118895,-0.9989766,-0.6149898,-0.17123823,1.7988689,sport
33,0.21054247,-0.2686292,-0.31241325,-0.33041734,1.4100782,sport
34,0.28687534,-0.78665394,-0.5613777,-0.18313716,1.6764823,sport
35,0.375272,0.03999477,-0.080291465,-0.29374567,1.3842484,sport
36,0.19182533,-0.19992405,-0.30103317,-0.31366533,1.4659544,sport
37,-0.09255876,-0.33566678,-0.49998102,-0.30262026,1.3425018,sport
38,0.6847956,0.10327823,0.2884075,-0.2749084,1.6141692,sport
39,0.009799903,-0.98726314,-0.5746452,-0.24309953,1.8591388,sport
40,-0.011923301,-1.0510733,-0.5893244,-0.19395871,1.929022,sport
41,-0.27222297,-0.8772057,-0.78938806,-0.30203462,1.8746755,sport
42,-0.31827262,-0.94898975,-1.003238,-0.31110165,1.9371809,sport
43,-0.16860408,-1.2834966,-0.9851367,-0.16303974,2.0905335,sport
44,-0.15907574,-1.3173323,-0.94312733,-0.17767043,2.1086137,sport
45,-0.13377443,-1.2466073,-0.79003406,-0.17818639,2.090057,sport
46,-0.15028886,-0.85849386,-0.4707033,-0.2093721,1.8083801,sport
47,0.7255278,0.1892386,0.116396494,-0.24735585,1.7127541,sport
48,-0.18852066,-0.680935,-0.5395826,-0.2070443,1.6648268,sport
49,0.20809804,-0.35392106,-0.2335142,-0.18137187,1.5775917,sport
50,0.40098605,-0.29614434,-0.45179418,-0.20396027,1.3386223,sport
51,0.24944529,-0.3154319,-0.23582311,-0.2559105,1.4669683,sport
52,0.18360056,-0.36363208,-0.28273505,-0.25513297,1.522793,sport
53,0.6791841,-0.040143203,0.0232456,-0.22011395,1.4818363,sport
54,0.17437936,-0.2662454,-0.27445158,-0.33590683,1.5307149,sport
55,0.56549585,0.005711842,-0.30951872,-0.23345412,1.2844385,sport
56,0.6364433,0.050654035,-0.13967624,-0.27368522,1.508348,sport
57,0.3077218,-0.31347817,-0.38310146,-0.18643121,1.4977552,sport
58,-0.35744974,-0.7280479,-0.9019455,-0.35926652,1.7939957,sport
59,-0.32705504,-0.8837707,-0.9686088,-0.31839332,1.8776698,sport
60,-0.13585718,-0.45639956,-0.4729914,-0.21119595,1.4871509,sport
61,-0.40500474,-0.7281121,-0.9553195,-0.3851456,1.8405765,sport
62,-0.24085976,-0.7653291,-0.5842293,-0.19263498,1.9778073,sport
63,0.114858404,-0.64401096,-0.47026518,-0.27876115,1.5917993,sport
64,0.17417991,-0.8506163,-0.50506556,-0.1960477,1.7799846,sport
65,0.27736488,-0.5729409,-0.49210215,-0.23669313,1.5830708,sport
66,0.3650158,-0.017741598,-0.06755101,-0.52369934,1.4328467,sport
67,0.15086874,-0.5823148,-0.5234848,-0.18814595,1.5821882,sport
68,0.4158735,-0.17341757,-0.19846797,-0.25991398,1.3779745,sport
69,0.7946468,0.19582115,-0.1969492,-0.19140679,1.3662063,sport
70,0.47995487,-0.035679594,-0.06202581,-0.19828865,1.431232,sport
71,0.18200646,-0.2608326,-0.26942796,-0.3343229,1.4789115,sport
72,-0.4171683,-0.7486375,-0.9855592,-0.37099946,1.8610256,sport
73,0.3258494,-0.22871128,-0.06292595,-0.10951972,1.687775,sport
74,-0.4030637,-0.66542035,-0.964175,-0.38650945,1.7967775,sport
75,0.76103175,-0.041067686,0.25350606,-0.3607669,1.6082392,sport
76,0.5931726,0.18794997,0.092729256,-0.5196236,1.6909555,sport
77,0.2459558,-0.59898233,-0.4107615,-0.21972628,1.6038746,sport
78,0.53229386,-0.024955323,-0.36031747,-0.15996814,1.2235214,sport
79,0.20842445,-0.95960355,-0.6019039,-0.21568805,1.7568582,sport
80,0.7462903,0.06418136,-0.31942636,-0.05003281,1.3290523,sport
81,0.6930975,0.05197812,-0.01916062,-0.1969865,1.5628898,sport
82,0.28196728,-0.5484073,-0.43457332,-0.25909454,1.5067357,sport
83,0.21870928,-0.19964948,-0.22228695,-0.38051605,1.5108936,sport
84,0.6361973,0.058162414,-0.0886977,-0.26265007,1.3759739,sport
85,0.5900196,-0.023590865,0.18625003,-0.41955835,1.5692618,sport
86,0.32818148,-0.09636496,-0.19224805,-0.23757747,1.5577769,sport
87,0.5895457,0.07581309,0.3827716,-0.50728714,1.7280209,sport
88,0.5377506,0.05609225,0.1330679,-0.54511875,1.5063789,sport
89,0.65663546,0.08044073,0.18224625,-0.43213204,1.6335336,sport
90,0.5767576,0.05582082,0.11606828,-0.26580307,1.6998942,sport
91,0.62458366,-0.036050994,0.09331481,-0.34593552,1.5222192,sport
92,0.48982102,0.19082849,-0.002619149,-0.26568678,1.5672548,sport
93,0.67893416,-0.016938284,0.17392154,-0.3689563,1.6726104,sport
94,0.13762875,-0.19335671,-0.32672584,-0.33256108,1.469823,sport
95,0.55677676,0.04963842,-0.08451356,-0.20230527,1.4828532,sport
96,0.5592001,0.0843188,-0.070602305,-0.26309478,1.487967,sport
97,0.573095,-0.34514394,-0.28300348,-0.19838098,1.4572014,sport
98,0.66675025,0.23910315,-0.003616071,-0.23732275,1.5959783,sport
99,0.6802563,0.08692726,0.15730841,-0.2802612,1.6155338,sport
100,0.49620527,-0.25052315,-0.44735706,-0.15512791,1.3633496,sport
101,0.5632479,0.15274513,-0.45032477,-0.08732153,1.2759618,finance
102,0.627829,0.36955482,-1.2498292,-0.1689572,1.214456,finance
103,0.5661718,0.3007587,-0.5990386,-0.16586769,1.197384,finance
104,1.1664191,0.3343264,-0.36409077,0.20872118,1.3555644,finance
105,0.6957782,1.0480261,-0.832043,0.14165598,1.5584586,finance
106,0.44716573,-0.017974572,-0.39319065,-0.17859913,1.2388892,finance
107,0.8203143,0.18909647,-0.46476555,0.056759432,1.1790012,finance
108,0.46780005,0.23582976,-0.77582556,-0.2026729,1.1828761,finance
109,0.6926346,0.3389181,-0.6201884,-0.19988506,1.2162805,finance
110,0.54475564,0.37815458,-0.6086608,-0.27779827,1.1787281,finance
111,0.5394203,0.27345836,-1.1193938,-0.23325035,1.1946988,finance
112,0.4176952,0.11914024,-0.48577777,-0.109764606,1.1853794,finance
113,0.38161787,0.1228184,-0.34614715,-0.12862094,1.2305908,finance
114,0.73266524,0.27538896,-0.5213399,-0.017526574,1.2289832,finance
115,0.5336394,0.34293213,-1.2269722,-0.16051608,1.2076908,finance
116,0.6465129,0.56636727,-1.1435868,0.050528284,1.2661387,finance
117,0.07781289,0.10371336,-0.51510656,-0.2691759,1.3803359,finance
118,0.30776078,0.3367228,-0.5947007,-0.28976476,1.361189,finance
119,0.9037766,0.20443977,-0.40923652,0.06257699,1.2398411,finance
120,0.6855231,0.88808405,-0.615954,0.015719129,1.4322027,finance
121,0.77049375,0.53545964,-0.9492689,0.04573363,1.270604,finance
122,0.5784947,0.17666343,-0.4608438,-0.14465167,1.2223232,finance
123,0.65282005,0.26544842,-0.5218763,-0.07324388,1.283991,finance
124,0.5500977,0.61868924,-0.7558868,0.018424116,1.4211845,finance
125,0.8531025,0.19739915,-0.5417411,0.023832228,1.2194419,finance
126,0.37590972,0.21152708,-0.63617164,-0.19650213,1.3558452,finance
127,0.6034166,1.0865612,-0.7987296,0.024392577,1.5439731,finance
128,0.5132974,0.3936958,-1.0394078,-0.10451995,1.2209787,finance
129,0.79967445,0.26924825,-0.5303751,-0.03589068,1.3108276,finance
130,0.6510253,1.1382986,-0.83504736,0.078325614,1.5641512,finance
131,0.48570654,0.7713261,-0.8323201,0.046700586,1.464433,finance
132,0.14161073,0.13269822,-0.6788026,-0.1785098,1.5326821,finance
133,0.53166837,0.22539978,-0.5729916,-0.26155457,1.330206,finance
134,0.50051403,0.47515908,-1.2797581,-0.09643681,1.2797245,finance
135,0.69528407,1.12326,-0.8934311,0.10813172,1.5423548,finance
136,0.74515444,0.18032119,-0.5239086,-0.07833089,1.281654,finance
137,0.44124192,1.0123761,-0.89380544,-0.032543037,1.5613658,finance
138,0.58725107,1.0697836,-0.9214265,0.11865759,1.5336202,finance
139,0.4642127,1.0776814,-0.96615833,0.101209916,1.564879,finance
140,0.63820195,0.2981733,-0.5129007,-0.04161139,1.2004428,finance
141,0.4453292,1.0373783,-0.9550053,0.095168404,1.5525485,finance
142,0.54099226,0.55664206,-1.3516344,-0.082822755,1.2869744,finance
143,0.5674712,0.17230242,-0.49096492,-0.10732233,1.1978807,finance
144,0.6580371,0.25228697,-0.5514287,-0.049416736,1.2538263,finance
145,0.28622505,0.16345492,-0.3634915,-0.12027341,1.4558457,finance
146,0.41168752,0.296416,-1.0976336,-0.23108834,1.2091583,finance
147,0.81814677,0.25788736,-0.59412336,-0.013702262,1.2827128,finance
148,0.7796625,0.17438506,-0.40428147,0.02421578,1.1579989,finance
149,0.38531834,0.14810033,-0.27646407,-0.19847047,1.0129124,finance
150,0.5502832,0.05589928,-0.32951912,-0.22492573,1.3305277,finance
151,0.16593885,0.22014351,-0.8653985,-0.19817756,1.3140168,finance
152,-0.20755145,0.5302906,-0.5350211,-0.9020188,1.5547761,finance
153,0.056083493,0.13473001,-0.55234885,-0.3124573,1.3984102,finance
154,0.6574679,0.10674995,-0.4789842,-0.12952906,1.1971806,finance
155,0.4300094,0.0973039,-0.44179213,-0.16728823,1.1845468,finance
156,0.8256031,0.20121512,-0.556268,-0.008831464,1.260595,finance
157,0.45050764,0.3628312,-0.9607226,-0.14473489,1.2077783,finance
158,0.372291,0.16638722,-0.4429726,-0.1705862,1.2024038,finance
159,0.92454815,0.28027457,-0.86440367,0.020133594,1.2626473,finance
160,0.42950812,0.30963293,-1.0130008,-0.15828894,1.1785316,finance
161,0.23795742,0.39674732,-0.61127317,-0.42848757,1.3451836,finance
162,0.6089427,0.5273855,-1.4250925,-0.07956991,1.2312357,finance
163,0.22658908,0.22237977,-0.5872614,-0.4823503,1.3830415,finance
164,1.0265174,0.1800442,-0.5168755,0.08464576,1.2856987,finance
165,0.4913585,0.1945572,-0.5505804,-0.2139973,1.2619554,finance
166,0.67442995,0.19172722,-0.49460125,-0.12716208,1.1719018,finance
167,0.3401316,0.15718573,-0.42099583,-0.34147727,1.330862,finance
168,0.82159686,0.32299784,-0.84497505,0.046929605,1.258595,finance
169,0.6487583,0.37840655,-0.67633605,-0.20635064,1.2865794,finance
170,0.5856963,0.39838663,-1.1346108,-0.11061977,1.1886079,finance
171,1.082343,0.24608196,-0.45022172,0.107663274,1.2960397,finance
172,0.58378196,0.31161103,-0.5568289,-0.42161676,1.2833127,finance
173,0.6704357,0.14767088,-0.451777,-0.060559127,1.3187499,finance
174,0.6950378,0.3040176,-0.6644311,-0.20399688,1.2575871,finance
175,0.37610698,0.24835415,-0.5635529,-0.30541003,1.2707424,finance
176,0.9527438,0.19511664,-0.5235668,-0.048729066,1.2680329,finance
177,0.6619702,0.29116207,-0.700759,-0.104925826,1.2047694,finance
178,0.6845415,0.26964197,-0.5255148,-0.14303987,1.2252511,finance
179,0.7167413,0.13031113,-0.4603802,-0.13781436,1.2176602,finance
180,0.6497537,0.19203068,-0.7755797,-0.039596044,1.2968773,finance
181,0.51707166,0.08042291,-0.4549484,-0.14976569,1.1720014,finance
182,0.38859108,0.22736727,-0.5116267,-0.42342627,1.2925179,finance
183,0.58864367,0.18352847,-0.56961143,-0.10349194,1.2158006,finance
184,0.47450152,0.18222307,-0.4629379,-0.40745947,1.3078706,finance
185,0.64699787,0.2190261,-0.715042,-0.124877304,1.2259333,finance
186,0.47364494,0.12192716,-0.5686021,-0.12249366,1.3639106,finance
187,0.5593524,0.24661306,-0.5359291,-0.13330282,1.32024,finance
188,0.525201,0.40780455,-1.3816923,-0.18197118,1.2345794,finance
189,0.7463331,0.19235052,-0.5580355,-0.12869674,1.2331377,finance
190,0.46804947,0.4200249,-1.2698107,-0.16703798,1.2827604,finance
191,0.52701813,0.36634973,-1.330364,-0.13521288,1.1692895,finance
192,0.7737212,0.18963242,-0.5584343,-0.06707271,1.2605809,finance
193,0.68904924,0.3721718,-0.74475425,-0.21588877,1.2969455,finance
194,0.7652519,0.2345964,-0.87938,-0.14754935,1.1886123,finance
195,0.73502403,0.17755598,-0.43158436,-0.037894636,1.1696256,finance
196,0.47368586,0.40558532,-0.54764724,-0.2399621,1.1557318,finance
197,0.69715047,0.26542994,-0.84448445,-0.0382012,1.2836105,finance
198,0.46683756,0.36902422,-1.0877534,-0.14408989,1.1836514,finance
199,0.24245925,0.37330085,-0.6059852,-0.4314525,1.3659209,finance
200,1.0334808,0.29821685,-0.85530305,0.07854967,1.2613192,finance
